,Complaint Type,avg_wait,count
220,Trans Fat,22921.600555555557,3
245,Window Guard,18875.604061111113,100
191,Smoking,16072.130573820281,13353
194,Snow Removal,16047.602777777778,1
213,Tattooing,15981.614105203485,931
50,Day Care,15716.784641003209,7620
5,Adopt-A-Basket,13851.826651305684,651
147,Non-Residential Heat,13148.655184172136,4570
31,Calorie Labeling,12987.906722222224,45
137,New Tree Request,12820.743688874994,78364
